gs://qwiklabs-gcp-04-34b3ff816711-vcm/cirrus/1.jpg,cirrus
gs://qwiklabs-gcp-04-34b3ff816711-vcm/cirrus/10.jpg,cirrus
gs://qwiklabs-gcp-04-34b3ff816711-vcm/cirrus/11.jpg,cirrus
gs://qwiklabs-gcp-04-34b3ff816711-vcm/cirrus/12.jpg,cirrus
gs://qwiklabs-gcp-04-34b3ff816711-vcm/cirrus/13.jpg,cirrus
gs://qwiklabs-gcp-04-34b3ff816711-vcm/cirrus/14.jpg,cirrus
gs://qwiklabs-gcp-04-34b3ff816711-vcm/cirrus/15.jpg,cirrus
gs://qwiklabs-gcp-04-34b3ff816711-vcm/cirrus/16.jpg,cirrus
gs://qwiklabs-gcp-04-34b3ff816711-vcm/cirrus/17.jpg,cirrus
gs://qwiklabs-gcp-04-34b3ff816711-vcm/cirrus/18.jpg,cirrus
gs://qwiklabs-gcp-04-34b3ff816711-vcm/cirrus/19.jpg,cirrus
gs://qwiklabs-gcp-04-34b3ff816711-vcm/cirrus/2.jpg,cirrus
gs://qwiklabs-gcp-04-34b3ff816711-vcm/cirrus/20.jpg,cirrus
gs://qwiklabs-gcp-04-34b3ff816711-vcm/cirrus/3.jpg,cirrus
gs://qwiklabs-gcp-04-34b3ff816711-vcm/cirrus/4.jpg,cirrus
gs://qwiklabs-gcp-04-34b3ff816711-vcm/cirrus/5.jpg,cirrus
gs://qwiklabs-gcp-04-34b3ff816711-vcm/cirrus/6.jpg,cirrus
gs://qwiklabs-gcp-04-34b3ff816711-vcm/cirrus/7.jpg,cirrus
gs://qwiklabs-gcp-04-34b3ff816711-vcm/cirrus/8.jpg,cirrus
gs://qwiklabs-gcp-04-34b3ff816711-vcm/cirrus/9.jpg,cirrus
gs://qwiklabs-gcp-04-34b3ff816711-vcm/cumulonimbus/1.jpg,cumulonimbus
gs://qwiklabs-gcp-04-34b3ff816711-vcm/cumulonimbus/10.jpg,cumulonimbus
gs://qwiklabs-gcp-04-34b3ff816711-vcm/cumulonimbus/11.jpg,cumulonimbus
gs://qwiklabs-gcp-04-34b3ff816711-vcm/cumulonimbus/12.jpg,cumulonimbus
gs://qwiklabs-gcp-04-34b3ff816711-vcm/cumulonimbus/13.jpg,cumulonimbus
gs://qwiklabs-gcp-04-34b3ff816711-vcm/cumulonimbus/14.jpg,cumulonimbus
gs://qwiklabs-gcp-04-34b3ff816711-vcm/cumulonimbus/15.jpg,cumulonimbus
gs://qwiklabs-gcp-04-34b3ff816711-vcm/cumulonimbus/16.jpg,cumulonimbus
gs://qwiklabs-gcp-04-34b3ff816711-vcm/cumulonimbus/17.jpg,cumulonimbus
gs://qwiklabs-gcp-04-34b3ff816711-vcm/cumulonimbus/18.jpg,cumulonimbus
gs://qwiklabs-gcp-04-34b3ff816711-vcm/cumulonimbus/19.jpg,cumulonimbus
gs://qwiklabs-gcp-04-34b3ff816711-vcm/cumulonimbus/2.jpg,cumulonimbus
gs://qwiklabs-gcp-04-34b3ff816711-vcm/cumulonimbus/20.jpg,cumulonimbus
gs://qwiklabs-gcp-04-34b3ff816711-vcm/cumulonimbus/3.jpg,cumulonimbus
gs://qwiklabs-gcp-04-34b3ff816711-vcm/cumulonimbus/4.jpg,cumulonimbus
gs://qwiklabs-gcp-04-34b3ff816711-vcm/cumulonimbus/5.jpg,cumulonimbus
gs://qwiklabs-gcp-04-34b3ff816711-vcm/cumulonimbus/6.jpg,cumulonimbus
gs://qwiklabs-gcp-04-34b3ff816711-vcm/cumulonimbus/7.jpg,cumulonimbus
gs://qwiklabs-gcp-04-34b3ff816711-vcm/cumulonimbus/8.jpg,cumulonimbus
gs://qwiklabs-gcp-04-34b3ff816711-vcm/cumulonimbus/9.jpg,cumulonimbus
gs://qwiklabs-gcp-04-34b3ff816711-vcm/cumulus/1.jpg,cumulus
gs://qwiklabs-gcp-04-34b3ff816711-vcm/cumulus/10.jpg,cumulus
gs://qwiklabs-gcp-04-34b3ff816711-vcm/cumulus/11.jpg,cumulus
gs://qwiklabs-gcp-04-34b3ff816711-vcm/cumulus/12.jpg,cumulus
gs://qwiklabs-gcp-04-34b3ff816711-vcm/cumulus/13.jpg,cumulus
gs://qwiklabs-gcp-04-34b3ff816711-vcm/cumulus/14.jpg,cumulus
gs://qwiklabs-gcp-04-34b3ff816711-vcm/cumulus/15.jpg,cumulus
gs://qwiklabs-gcp-04-34b3ff816711-vcm/cumulus/16.jpg,cumulus
gs://qwiklabs-gcp-04-34b3ff816711-vcm/cumulus/17.jpg,cumulus
gs://qwiklabs-gcp-04-34b3ff816711-vcm/cumulus/18.jpg,cumulus
gs://qwiklabs-gcp-04-34b3ff816711-vcm/cumulus/19.jpg,cumulus
gs://qwiklabs-gcp-04-34b3ff816711-vcm/cumulus/2.jpg,cumulus
gs://qwiklabs-gcp-04-34b3ff816711-vcm/cumulus/20.jpg,cumulus
gs://qwiklabs-gcp-04-34b3ff816711-vcm/cumulus/3.jpg,cumulus
gs://qwiklabs-gcp-04-34b3ff816711-vcm/cumulus/4.jpg,cumulus
gs://qwiklabs-gcp-04-34b3ff816711-vcm/cumulus/5.jpg,cumulus
gs://qwiklabs-gcp-04-34b3ff816711-vcm/cumulus/6.jpg,cumulus
gs://qwiklabs-gcp-04-34b3ff816711-vcm/cumulus/7.jpg,cumulus
gs://qwiklabs-gcp-04-34b3ff816711-vcm/cumulus/8.jpg,cumulus
gs://qwiklabs-gcp-04-34b3ff816711-vcm/cumulus/9.jpg,cumulus
